Query_ID,Subject_ID,Subject_Title,Subject_Sequence
test_2,gi|2234899196|ref|XM_047950506.1|,"Puccinia striiformis f. sp. tritici uncharacterized protein (Pst134EA_020971), mRNA",CAATCAGCAAGGCTTTCATAACATGCTCCTTCACACTACTGGTATGGCTGGCTTTCCTCGCCAAAGTATGCTCCATCAAGGTCATTCGCTCTTCTCTCAACCACCGAGCCATCAGCATTCAATGTCCAGCAAAGACCATCAATCTAAAGCGCAAATCGTCGAATTGACCAAAGAAAATTGGGAGGCTGAATTTGCCAAGATTGGTAATCACATTGACGCTCAACCAAATCATGAAAGTCCACAACAGACTGCTCAGGATATAAGCAGCTCTGAATTGGTCGATCATCAATCACCATTGTCCAGTCTCAGTCAAGAGACCACCCCGGATGATAAGGAAGCGGATGCCGAGTTCTTGAGATCATTAGAAGCTACCTGGAAAGGACTTGCTGCGAACCTGAACACTGGTAGTCTTTCGGTACCTTCGGTTCCGAACTGGGATGAATTCAATGACGACGATTTCCTTGGTCCAAATCTGTCCAGACATCCAGAAACACCAATCACTGCCGAAAATGTGGGGGATTTCCTGGATCATCCCGAGCCCTACCCGTTTCAATCCAACAACCCGTTCCTCGGGAGTAACAATCCATTTGAGGAAGGACAACGACTTCTCCATTCCGGAGCGCCACTGAGCGAGGCAGCTCTGGCCTTTGAGGCGGCATGTCAAATGGACGAGAATCGGGCTGATGCATGGCGAATGTTGGGTGAGACTCAAGCGGCGAATGAGAAGGAGCAATTGGCTATCAAAGCCTTTCAACGAGCCGTTGGATGTCAAGATGGGAATGGACAATCTGCTTGGATGTCCCTAGCGATCTGTTGGGTGAACGAGGGTCAGGAGATGCGAGCTCTAGCGATCCTGGAACGGTGGTTAATGGACACCTATCCAGCTATTTCGGCTCAGTTCACCGCCAACCAGAAAGGGGATTCTTCTTCTAATAACCCTTGGAATCAACACGAGACAGTTGTTGAGAAATTCCTTCAGGCGGCTAGGGCTGGGCCTGAGGTACGAGATGGAGCAGGTAAAGAGATAGTAAGGAGTCAGACGGTGGATGTGGATGTACAAGTAGGACTTGGCGTATTATTCTATAGTAACTCAGAATACGAACGTGCACGAGATTGTTTTGAAGCGGCATTAGGCGTGAATCCGGAAGATTTCCTACTCTGGAATTGATTAGGTGCTACTCTTGCAAACGGAGGTAAATCTGAGGATGCTATTGGAGCATATCAAAAAGCACTCGAACTTCGTCCGACGTTTACTAGAGCAATCTATAACCTTGGTGTATCTTGTTTAAATATACATTGTTATCATCAAGCTGCCGAACATTTCCTTGCCGCTCTTTCTCTTCATTCTAAAGCCGCTTCTAAGGGCGATCGTCCCCTCCTCAGGTCCGGAGATGGAAGTGAAAACCTTTGGTTCACTCTTCGTAGAGCTCTCCTATGTCTCGATCGTCACGATTTGGCCGAGTTGGCTACACCCGGGGCCAATGTCGACATATTTCGCGAACACGGTTTTGATTATTGA
test_2,gi|2234899196|ref|XM_047950506.1|,"Puccinia striiformis f. sp. tritici uncharacterized protein (Pst134EA_020971), mRNA",ATGGCATTCCAGGCACTCATCAACGGATCTGACTGTGGACCAGCTAACCCACTCCAGAACTTACTCAAACACTCAGAAAGAAATCAGAGTACATCGAGCTACGAACAGAGAAATCATCAGCAACATGCTTCCTCTTCAAATGCACACTGTCAAGCGACGCCGTTTTTTATGAACGACCTCAGAAACGAATTAGACTCAATCAACCAAGCTCATCCACCACAAATCGATCAGGCATGGCAGAAACAGTTCGCGGGTACCTCAATGAGACCCTTGCTCTCGTCCGACGAAATGGCTCGGTTGGAGCAATCCTTTCACCCAACAACTCAGCATCAACAACCCAACCAAGCTGGACCATCAATGCAATGGTCCCAACAATTCACCGAGAATGAAGACCAACAT
test_2,gi|2234899199|ref|XM_047950507.1|,"Puccinia striiformis f. sp. tritici uncharacterized protein (Pst134EA_020971), mRNA",CAATCAGCAAGGCTTTCATAACATGCTCCTTCACACTACTGGTATGGCTGGCTTTCCTCGCCAAAGTATGCTCCATCAAGGTCATTCGCTCTTCTCTCAACCACCGAGCCATCAGCATTCAATGTCCAGCAAAGACCATCAATCTAAAGCGCAAATCGTCGAATTGACCAAAGAAAATTGGGAGGCTGAATTTGCCAAGATTGGTAATCACATTGACGCTCAACCAAATCATGAAAGTCCACAACAGACTGCTCAGGATATAAGCAGCTCTGAATTGGTCGATCATCAATCACCATTGTCCAGTCTCAGTCAAGAGACCACCCCGGATGATAAGGAAGCGGATGCCGAGTTCTTGAGATCATTAGAAGCTACCTGGAAAGGACTTGCTGCGAACCTGAACACTGGTAGTCTTTCGGTACCTTCGGTTCCGAACTGGGATGAATTCAATGACGACGATTTCCTTGGTCCAAATCTGTCCAGACATCCAGAAACACCAATCACTGCCGAAAATGTGGGGGATTTCCTGGATCATCCCGAGCCCTACCCGTTTCAATCCAACAACCCGTTCCTCGGGAGTAACAATCCATTTGAGGAAGGACAACGACTTCTCCATTCCGGAGCGCCACTGAGCGAGGCAGCTCTGGCCTTTGAGGCGGCATGTCAAATGGACGAGAATCGGGCTGATGCATGGCGAATGTTGGGTGAGACTCAAGCGGCGAATGAGAAGGAGCAATTGGCTATCAAAGCCTTTCAACGAGCCGTTGGATGTCAAGATGGGAATGGACAATCTGCTTGGATGTCCCTAGCGATCTGTTGGGTGAACGAGGGTCAGGAGATGCGAGCTCTAGCGATCCTGGAACGGTGGTTAATGGACACCTATCCAGCTATTTCGGCTCAGTTCACCGCCAACCAGAAAGGGGATTCTTCTTCTAATAACCCTTGGAATCAACACGAGACAGTTGTTGAGAAATTCCTTCAGGCGGCTAGGGCTGGGCCTGAGGTACGAGATGGAGCAGGTAAAGAGATAGTAAGGAGTCAGACGGTGGATGTGGATGTACAAGTAGGACTTGGCGTATTATTCTATAGTAACTCAGAATACGAACGTGCACGAGATTGTTTTGAAGCGGCATTAGGCGTGAATCCGGAAGATTTCCTACTCTGGAATTGATTAGGTGCTACTCTTGCAAACGGAGGTAAATCTGAGGATGCTATTGGAGCATATCAAAAAGCACTCGAACTTCGTCCGACGTTTACTAGAGCAATCTATAACCTTGGTGTATCTTGTTTAAATATACATTGTTATCATCAAGCTGCCGAACATTTCCTTGCCGCTCTTTCTCTTCATTCTAAAGCCGCTTCTAAGGGCGATCGTCCCCTCCTCAGGTCCGGAGATGGAAGTGAAAACCTTTGGTTCACTCTTCGTAGAGCTCTCCTATGTCTCGATCGTCACGATTTGGCCGAGTTGGCTACACCCGGGGCCAATGTCGACATATTTCGCGAACACGGTTTTGATTATTGA
test_2,gi|2234899199|ref|XM_047950507.1|,"Puccinia striiformis f. sp. tritici uncharacterized protein (Pst134EA_020971), mRNA",ATGGCATTCCAGGCACTCATCAACGGATCTGACTGTGGACCAGCTAACCCACTCCAGAACTTACTCAAACACTCAGAAAGAAATCAGAGTACATCGAGCTACGAACAGAGAAATCATCAGCAACATGCTTCCTCTTCAAATGCACACTGTCAAGCGACGCCGTTTTTTATGAACGACCTCAGAAACGAATTAGACTCAATCAACCAAGCTCATCCACCACAAATCGATCAGG
test_2,gi|2234878873|ref|XM_047940546.1|,"Puccinia striiformis f. sp. tritici uncharacterized protein (Pst134EA_000903), mRNA",CAGCAAGGCTTTCATAACATGCTCCTTCACAATACTGGTATGGCTGGCTTTCCTCGCCAAAATATGCTCCATCAAGGTCATTCGCTCTTCTCTCAACCACCGATCCATCAGCATTCTATGTCCAGCAAAGACCATCAATCCAAAGCGCAAATCGTCGAATTAACCGAAGAAAATTGGGAGGCCGAATTCGCCAAGATTGGTAATCATATTGACGCTCAACCAAATCATGAAAGTCTACAACAGACTGCTCAAGATATAAGCAGCTCTGAATCGGTCGATCATCAATCACCATTATCCAGTTTGAGTCAAGAGACTACCCCGGAAGATAAAGAAGCGGACGCCGAGTTTTTGAGATCACTAGAGGCTACATGGAAAGGACTTGCTGCCAACCTGAACACTGGAAGTCTTTCGGTACCTTCGGTTCCGAACTGGGATGAATTCAATGACGACGATTTTCTTGGCCCAAATCTATCCAGACATCCAGAAACGCCAACCACTGCCGAGAACGTGGGGGATTTTCTGGACAATCCCGAGCCCTACCCGTTTCAATCCAATAACCCGTTTCTCGGGAGTAATGATCCATTTGAGGAAGGACAGCGACTACTCCACTCCGGAGCCCCACTGAGTGAGGCTGCGCTGGCCTTCGAGGCGGCATGTCAAATGGACGAGAATCGGGCTGATGCGTGGCGAATGTTGGGTGAGACTCAAGCGGCGAATGAGAAGGAACAATTGGCGATCAAAGCCTTCCAACGAGCCGTTGGATGTCGAGATGGGAATGGACAATCCGCGTGGATGTCCCTAGCGATCTGTTGGGTGAACGAAGGTCAAGAGATGCGAGCTTTAGCGATCTTGGAACGATGGTTAATGGACACCTATCCGGCTATTTCGGCTCAGTTTACCGCTACCCAGAAGGGGGATTCTTCTTCTAATAACCCTTGGAATCGACACGAGACGGTTGTTGAGAAATTCCTTCAGGCGGCTAGGGCTGGACCTGAGGTACGAGATGGAGCAGGTAAAGAGATTGTAAGGAGTCAGACGGTGGATGTAGATGTACAAGTAGGACTTGGCGTATTATTCTATAGTAACTCAGAATACGAACGTGCACGAGATTGTTTTGAAGCGGCATTAGGCGTGAACCCGGAAGATTTCTTACTCTGGAATCGATTAGGTGCTACTCTTGCAAACGGAGGTAAATCGGAGGATGCTATTGGAGCATATCAAAAAGCACTCGAACTTCGTCCAACTTTCACTAGAGCAATCTATAACCTTGGTGTATCTTGTTTAAATATACATTGCTATCATCAAGCTGCCGAACATTTCCTTGCCGCTCTTTCTCTCCATTCTAAAGCCGCTTCTAAGGGCGATCGTCCCCTCCTCGGGTCCGGAGATGGAAGTGAAAACCTTTGGTTCACTCTTCGTAGAGCCCTCTTATGTCTCGATCGTCACGATTTGGCTGAATTGGCTACACCCGGGGCCAATGTCGACATCTTTCGCAAACACGGTTTTGACTATTGA
test_2,gi|2234878873|ref|XM_047940546.1|,"Puccinia striiformis f. sp. tritici uncharacterized protein (Pst134EA_000903), mRNA",ATGGCATTCCAAGCACTCATCAACGGATCTGACTGTGGTCCAGCTAACCCACTTCAGAATTTACTCAAACACTCAGAAAGAAATCAAAGCACATCGAGCTACGAACAGAGAAATCATCAGCAACATGCTTCCTCTTCAAACGCACACCGTCAAACGACGCCGTTTCTTATGAACGACCTCAGAAACGAATTAGACTCAATCAACCAAGCTCATCCACCACAAATCAATCAGGCATGGCAGAAACAGTTCGCGGGTACCTCAATGAGACCCTCGCTCTCGTCCGACGAAATGGCTCGGTTGGAGCAATCCTTTCACCCTACAACTCAGCATCAACAACGCAACCAAGCTGGACCATCGATGCAATGGTCCCAACAATTCACCGAGAATCAAGACCAACAT
test_3,gi|2234895309|ref|XM_047948614.1|,"Puccinia striiformis f. sp. tritici uncharacterized protein (Pst134EA_017292), partial mRNA",GTGTGGTCATTGTAAAGCCCTCATGCCCGAGTATAAACGTGCGGCGACACTTTTGAAAAAGGGAGGTATCCCAGTGGCCAAAGCTGACTGTACCGAGCAGAGTGAATTATGCGCTAAGTATGAAATCCAAGGTTACCCAACTCTCAAGATCTTCACGAATGGTGTGTCATCCGAATACAAAGGTCCTCGAAAGGCTGATGGCATCGTCTCCTACATGGAGAAACGGGCACACCCTGTCGTCACTATCGTCACATCGGACAACCACACCGACTTCACCAAATCTGGTAACGTGGTGGTTATCGCTTATCTGGATCACTCGGACAAAGATGGCTTGGATGCCTTTACCAGTTTCGCTGAAGCAAAACGTGACGATTACGTCTTTGGAGTATGCTACGACCACTCATCGATCAAGGAGGTCTCCTCTCTATCCCAGGGTAGCATCGTTCTGTGGAAGAAGTTTGACGAAGGTCGCAACGATTTCCACGGCGAAAAACTAACGCAAGAGAGCATTGCCAAATTCGTCAACACCAACTCGGTTCCACTATTCGATGAGCTCACTCCCGCCAACTTTGCTCTCTACTCTGAAATCGGTCTCCCTCTCGCTTACACTTTCATCGAGGCCAACAACCCCAAGAGGGAAGAACTCATCAAATCTCTCGAGCCTGTCGCCAAGGACCACAAGGGACACGTCAACTTCGTTTGGATCGATGCTACTAAATTTGGAGACTACGCCAAATCCTTGAACCTGCCGGGTAGCGACTGGCCTGAGTTTGTCATTCAGGATCTCTCGAACCAGGACAAGTTCCCTCTGGAACCTAAGAAGGAGGTTAACAAGCACAACATTGCCGAATTCATCAAATTGTTCCGAGCCGGTAAAGTCACGAAGAGCGTCAAGAGTCAACCCATCCCCACCAAACAGGATGACGGCTCATACGTTCTCGTTGCCAATGCCTTTGAGGATGTCGTCTACGCTAACAACAACCACCAGGATGTTTTCCTTGAATTCTACGCACCATGGTGTGGCCACTGCAAACTTCTCAAGCCTATCTGGGACAACTTGGCCCGTTCCTTCAAGGATTCGAAGGACAAGGTTTTGATCGCAAAATTCGACGCCACTGAGAACGACATCCCATCGACCGCCGGCATCCAGGTTCAAGGTTACCCTACTCTCAAGTTCAAGCCCGCTGGATCGAGGGAATTCATTGACTATGATGACGAACGAGAGTTAGACGCCATGATTGCATTTGTTGAGAAGAACTCAGTCAACAAGGTTAAGGCCGTTAAGGTCGAGCTACCCGAGCCTGTTGAAGGTGGTGAAGGTGGCGATCAAGTTGTCTTTGACTCTGAGGAGTCTGAACCAGTTCCTGAAGATGAAGACAAAGACGCCGAACACGACGAATTGTAA
test_3,gi|403163213|ref|XM_003323269.2|,"Puccinia graminis f. sp. tritici CRL 75-36-700-3 uncharacterized protein (PGTG_04854), mRNA",GTGCGGTCACTGTAAAGCGCTCATGCCCGAGTACAAACGTGCAGCGACACTATTGAAGAAGGAAGGTATCCCAGTGGCCAAAGCCGACTGTACTGAGCAGAGTGAACTATGTGCCAAGCACGAAATCCAGGGTTATCCAACTCTCAAAATCTTCTCAAATGGTGTGGCATCGGAATACAAAGGTCCTCGAAAGGCTGAAGGCATCGTCTCATACATGGAAAAACGCGCACACCCTGTCGTTACCCTTATTACATCTCACAACCACACCGAGTTTACCCAATCTGGTAACGTGGTCGTCATCGCTTACCTGGATCACTCTGACAAAGATGGCTTGGCTGCATTTACCCGCTTCGCCGAATCCAAACGTGATGATTACGTCTTTGGTGTGTGCTACGATCACTCATCGATCAAAGATGTCTCTTCTCTGCCCCAGGGTAGTCTCGTCCTTTGGAAGAAGTTCGACGAAGGTCGCAACGATTTC-ACTGGCGAGAAATTGACCGAGGAGAACATTGCCAAATTTGTCAACACCAACTCGGTGCCCCTGTTTGATGAGCTCACTCCGTCCAACTTCGCTCTCTACTCTGAAATCGGTCTTCCTCTCGCTTACACTTTCATCGAGGCCAACAACCCCAAGCGAGAATCTCTGATCAAATCTCTCGAATCTGTTGCCAAGGACAACAAGGGTCACCTCAACTTTGTATGGATCGATGCGACCAAATTTGGAGATTACGCCAAATCTTTGAACCTTCCCGGTACCGACTGGCCCGAATTTGTCATTCAAGATCTCTCAAACCAGGACAAGTACCCCTTGGAGGCCAAGAAGGAGGTCAACCATGACCATGTTGCCGAATTTGTCAAGTCGTACCGCGCCGGTAAACTCGAGAAGAGCGTCAAGAGTCAACCCATTCCCA--AA-CAGGGTGATGGTACCTACGTCCTCGTTGCCAAGGCCTTCGAAGACGTGGTCTATGCTAACAACAACCAGAAGGATGTGTTCCTCGAATTCTACGCACCATGGTGTGGTCACTGCAAACGTCTCAAACCTATTTGGGACAACTTGGCCCGCAGCTTCACTGGTTCCAGCGACAAGGTTCTGATTGCAAACTTCGATGCCACTGAGAACGACATTCCATCCACCACTGGCATTTCGGTCCAGGGATACCCCACTTTGAAGTTCAAGCCCGCCGGCTCGAAGGAATGGATCGATTATGATGACGAAAGAGAGCTAGATGCGATGATTGCATTTGTTGAGAAGAACTCGGTCAACAAGGTCAAGGCCGTCAAGGTCGAGCTACCTGAGCCTGTCGAAGGCGC-GATGG-GGCTGACCAAGTCGTCTTCGATTC-GAGAA--C-GAGCCCGCTCCTGA-GACGA-GACAC-GACGCTGA-CACGATGA-TTGTA
test_3,gi|2234882127|ref|XM_047942147.1|,"Puccinia striiformis f. sp. tritici uncharacterized protein (Pst134EA_004729), partial mRNA",GCAGGAGAGCATCACAAAATTTGTCATCACCAACTTGGTTCCACTGTTCAATGAGCTCACTCCCGCCAACTTTGCTCTCTACTCTGAACTCGGTCTCCCTCTTGCTTACACTTTCATTGAGGCCAACAATCCCAAGAGGGAACAACTTGTCAAATCATTTGAGCCTGTCGCCAAGGACCACAAGGGACATGTCAACTTTGTTTGGATCGATGCTACTAAATTTGGAGATTACGCCAAATCCCTGAACCTACCGGGTAGCAACTGGCCTGAGTTTGTCATCCAGGATCTCTCCAACCAGGATAAGTTCCCTTTGGAACCCAAGAAGGATGTTAACAAGCACAATGTTGCCGAATTCATCAAATTGTACCGAGCCGGTAAAGTCACCAAGAGCGTCAAGAGTCAACCCATCCCCACCAAACAGGATGATGGCTCATACATTCTCGTTGCCAATGCCTTTGAGGATGTCGTCTACGCTAACAACAACCACCATGATGTTTCCCTTGAGTTCTACGGACCATGGTGTGGCCACTGCAAATTTCTTAAGCCTATCTGGTACAACTTGGCCTGTTCCT-CAA-G--T-----GACAAGGTTTTGATTGCAAAATCTGATGCCATTGAGAACAATATCCCATCAACCGCCGGCATCCAGGTACAAGGTTACCCTACTCTGAAGTTCAAGCCCGCTGGATCGAGGGAATTCATCGACTATGACGACGAGAGAGAATTATATGCCATGATTGCATTTGTTGAGAAGAACTCAGTCAACAAGGTCAAGGCCGTTAAGGTTGAGCTACCCAAGCCTGTTGAGGGTGGTGAAGGTGGCGATCAAGTTGTCTTTGACTCTGAGGAGTCTGAACCAGTTCCTGAAGATGAAGACAAAGACACCGAACACGACGAGTTATAA
test_3,gi|2234894329|ref|XM_047948129.1|,"Puccinia striiformis f. sp. tritici uncharacterized protein (Pst134EA_015765), partial mRNA",TTTCGCTGAAGCCAAACGTTACCATTACGTCTTTGGAGTATGCTACAACCACTCACCAATTAAGGAGGTCTCTTCTCTATCCCAGGGTAGCCTTGTTCTGTGGAAGAAGTTTGACGAAGGTTGCAATGACTTCCACGGCGAGAAACTAGCGCAGGAGAGCATCACAAAATTTGTCATCACCAACTCGGTTTCACTGTTCGATGAGCTCCTTCCCGCCAACTTTGCTCTGTACTCTGAACTCGGTCTCCCTCTCGCTTACACTTTCATCGAGGCCAACAATCCCAAGAGGGAACAACTCGTCAAATCATTCGAGCCTGTCGCCAAGGACCACAAGGGACATGTCAACTTCGTTTGGATCGATGCTACTAAATTTGGAGATTACACCAAATCCCTGAACCTACCGGGTAGCGACTGGCCTGAGTTTGTCATCCAGGATCTCTCCAACCAGGATAAGTTCCCTTTGGAACCCAAGAAGGATGTCAACAAGCACAACGTTGCCGAATTCATCAAATTG
test_3,gi|2234894329|ref|XM_047948129.1|,"Puccinia striiformis f. sp. tritici uncharacterized protein (Pst134EA_015765), partial mRNA",TTTGAGGATGTCGTCTACGCTAACAACAACCACCAGGATGTTTTCCTTGAGTTCTACGGACCATGGTGTGGCCACTGCAAACTTCTTAAGCCTATCTGGTACAACTTGTCCCGTTCCT-C---GA---G--TGACAAGGTTTTGATCGCAAAATCCGATGCCACTGAGAACGATATCCCATCGACCGCCGGCATCCAGGTACAAGGTTACCCTACTCTGAAGTTCAAGCCAGCTGGATCGAGGGAATTCATCGACTATGACGACGAGGAAGAATTAGATGCCATGATTGCATTTGTTGAGAAGAACTCAGTCAACAAGGTCAAGGCCGTCAAGGTCGAGCTACCCGAGCCTGTTGAAGGTGGTGAAGGTGGCGATCAAGTTGTCTTTGACTTTGAGGAGTCTGAACCAGTTCCTGAAGATGAAGACAAAGACGCCGAACACGACGAATT
test_4,gi|2234895383|ref|XM_047948649.1|,"Puccinia striiformis f. sp. tritici uncharacterized protein (Pst134EA_017330), mRNA",GCGTCACAGCATGTCTCAAATCCCCAACGCTCGTCATGGTGCTGCCATCGGCTCCTCCTCTGGAATTCCTACCGGCGGCTCGGGCCGACTCACCCCCTCCGGAAGACTGACTCCTCAGCCAAGCAACAACACTGCCAGCAATAGTCGGAGTACTACACCCAGCCTCGCTCCTCGCTCCATCACTCCCTCGGGTATCCCAGCTAGACACTCAGTACAGCTCTCATCCAACCTCAGTCGATCCGTCAATGCTTCTTCATCTGCAGCTTCACCCAGCTTTTCAGCAGCAGCCCAGTTCACCCAACCAAGCTCAAGCTCAGCCTCAGTCGCCCTCTATCAACAATCTAACCATCCTTCGCCACTCCAATCCCCAAAACAGACCACAACCAACACCCAGTCGTACTCTGCCTCAACCGATCAGTCGTCCAGCTCGGCTTCTTCTAGTAGCGTCCAAGTCATCCTCAGAATCAGACCCTCAACCTATGATATCAACGTACCCACTCGATTCCAGCGTACCGTCATCACTCCAATCAACCCCACCACTATCTCCGTCGAATCGGCGTCTCCCTCCGCTAACTCATCTAAATCTACTCAAAAATACACCTATGATCGAGTTTTCTCCCCCGAGGAAGGTCAACAGCAAGTATGGACATCCGTCGAGGGTCTCATCAACCGGTTTCTCGAAGGTTATAACGTCACCGTCTTCGCCTATGGGCAAACCTCATCGGGGAAGTCTTACACGATGGGCACCGATCGGTTCACCGATGACCTCGGCTCAGGCGACCCTTCGGCTGACAATGGAGATCAAGTGCTCAACTCGAATCGGACAGGAATCATTCCTCGTGCGGTTTACACAATCTTCAATAAAATTCAACAGCAAGCCACCAAATCAAATCAATTCAACGTCAAGACCTCATACGTGGAAATTTATAACGAAGATCTGATCGACCTTATTGCATGCTCAACAGCTCCTGCTAATACGCTTCCTCAGGTGACGATTCGAGAAGATAAGGATGGGAACATCATCTGGTCTGGTCTCAAGGAAGTCAAAGTGACCAGAGCCAGCGAAGCCCTCAGTTTACTCGAACAGGGTAGTCAAGTCAGACAGACTGGCTCAACCGAAATGAACGCCCAATCCTCTCGTTCTCATGCGATCTTCAGTCTCAACCTCACCCAGAATAAGCAAGCTAATACCACCAACACTCCTAACAAGCGAGCCTCGAAGACTATCAGTCCGACCAGCTCTATCGGACGTGATTCAGGCGATGATGGCGAAGTTTCAACCATCTCCAGCAAGTTTCATTTCGTCGATCTCGCCGGTAGTGAACGTATCAAGAGGACTGCTGCCGTTGCCGAACGGGTCAAGGAGGGTATCTCAATCAACGCCGGTCTACATGCGTTAGGAAATGTCATATCTGCTCTTGGGGATCCTAGCAAATCCAAGACGGCCACTCACATTCCTTATCGTGACAGCAAACTGACTCGACTCTTACAAGACAGTTTGGGTGGGAATGCCCAGACGTTGATGGTGGCATGTGTATCTCCCAGTGAACACAATCTGAACGAGACGGTGAACACACTCAAGTATGCCAGCCGGGCCCGAAATATCAAGAACAAGGCCCAGGTCAATGCGCAAGAAGTCGGTTGGGAAGACGTGGAATACTTGCAGGCTACCATCATCAAGTTACGCAAAGAACTGGCATGTCTGAAGAACAGCGCTCCAACTGGCGATAATACGGCTCGAACCCTTTCTTCTATCAACGAGGAAGATTCGGCACCAGATGAGCTCAGCCCTAAATATATCGACCTACAGGGCTGCTACACCGAGCTTCAAGCCAAATACGCAAAGACATTGTCAGATCTGACCCTAGCACAAAATAGTCTCAAGCTGGCCTCACGAAACTCGGGGCAATCCCAGATCATCTCGCAATCTGCTTTCGATGACATGATCCAACCCATCGTCGAAGAGTATGAAAAGTCGATCACCGCTCTCGAATCTCAGCTAGCACTGATCAAGGCGGCGCTCGTCCATTCGGAGCATTCAATGAATGACCTCGAAACCCAGCTTTCAAGTGAACAGACGTTAAATGAGAACCAGGCCAGTTATGTTGCAGATCTCAAAGCGCGTCTGAATCGATTATCTGAACGGGAATCTGAAAATGAGTCATATATCAAAGATTTGGAACTGAAACTCAAGACACTCAGCGAGTCCGACGAGGCGTCTACTGCACTGGTGACCGAGCTCAAGAAAGAACTGGCCAAGATCAAGGAGCATGATGCTGAATCAGAAGCCTACATAAAAGATCTCGAAGCCAGACTGTCAAAAAATGATTCCGGAGACCTCAACAAGCACATTGCCTCCCTTGAAGCCTCCTTAGTAGATCGGGATGAAAGATATGATGCCTTGCAGGCCAAGTACGAGTCCCTTAGTGCTCAATTGACGGGCACGCATGCGGACATGTGGAATCAGCAACAGCATCTGACGGAGCAGTTGTCTGAAAGAGAAAACAAATTGAAAAAGCTAGA---------------------------AGTCGTCCTGGCACAACTGGAAAGTGAGAAGAGCGAGATCGAGAGTGAAAGGCAAAAGCTTGAAGCAAGCACTGAGGAAACCTCACGCACTAACAACGAACTCCTTGGACGCCTTAAGGTTTTGGAATCATCGACCAAGCGCTCCCCCTCGGTTGCAACTGACCAGGGCGACGCCCGAAGCATCAGGAGTACTCACCTCTCAGCCGGAACGCACAATTTCACGCCTCCTGCCACGCCAGCTGCTACTTGTGAACTTGCCGGCGATTCCGCCAGCAATCCAGCGGATCCAGGTTTGTTAAACGAATTCCACGAGCTACAAGAGCGTTATGAGACGACCGCCAGCGAACTAGATCAAGTCCGGGCGAAGTATAATAATTCCGTCAAAGAATTAGAGGACCTCACTTCGCAACTTGAGGATTCGCGAGTTGTCCAATCGTCTTCTTGGATGCCAAGACGCTCCATCACCTCTACGACGAGCCATTTTCGAAATTCAGGGTCCAACTTCGGTTCACCTTCGCCATCACCAGTCCCACAGTCTCCTTCCTGGAATCAGACCTCGCATTCATTTCCTGTTCCCGGCGTCCTGCCTGTCAGGGGCTTTGGGACGCCGGTCAACGCGTCCGTCAGGACTTCCAAGTATCTAGATGGCAAAGCTTCGCGGTCTAGGGGAGGCGACTCACTCGAGGAACTTGCTGATAACGGCTCAGATGAGCCGATGGAAGTACTCCCAAGTGATATTACCATGTCGCGCGATCCAAGTGGCCAGCGATCGATTTCCATTCAAGCAGGTCCTCATCGCCAGAGTCAGCGTCTGAGCTTGAATTCTGGAACCCTGTTACCTCATGGGCGCTCCTTATCCCTTTCACACGACTCATCAGGTCTCCAAACATCCGCTCGAGGAAGTATCATCAGGGCTCGATCCGATTCTCGCTCTGATACAACATCGAGATTCATCAACCAAGGCGATCATCATCTGCCACACAGTGGCGAGCGTAGTTATGAGAGTTTACAGAAGGAAGTAATAAAGTTGCAAGAAGTCCTGAAAGAGCGAGAGGATGAAATTCGGAGTTTGGAAATCTCGATTCGTGAAATTCGTCGGTTGAGCGATTGTAGTACTCCGCCTCTACCTTCGGCCTCCACGGACGGGGTTGATGACGAGCTTCGCATTCAAACTCAAGCCGACCAGAAGGCTGAATCTTCGACAAGGTTCAGTATTGGATCAATCTCTGCTTCGAATTCCACGCGAGACTCGACCGATCGATTCAGCCTGAGCCATCCTGATAAAATTATTGCGGCCATTCAATCTCAAATGTCATTGAACGATGCTGATGTGAGCGTCGTCAAAGACTCTCAAAATATCAAGCTCTTGGACAATCTCATGCGTTCCATGGCCCAGAAGGAATCGGCCCACTTGGAGTTGATCGAGAACCTCAAGGACAAACTCACGAGTACCAAGCGACAGCACGATGACCTTGTTAACCTCTCCAGAGATCAAGTTGTCAACATGTCTTCAGAGATCGAAGCCTTGCGACAGAAGCTCGCCAACCCTACCATTCCTGATTCCGAGATCGCCAACCGATTAACTAAATTGGAAGGGCTTTTACGGGTCAAGGAACAGGAATCAGAGAGCTTAAAAGCAGAGTCTACACGTCAACTTTTGGATCTCGAAGTCAAGTTGGTAGAAGCTAAACAAGCTGAAATCGAAGCCTTGAAGCATGAACACGACACCGTGGTCGAACAGCTGAAGATCGAGCAACGAGAGAGTTTGAACAGATTGATTGAATCGAGCGACGAGAAACTGGCGGCCAAACATGTCGAATTACGACAACTTCAAGACCAGTGGCAAAGCCAATCCCAGCTGGACGTGACGGCTCAAACCGATAAGATCAAGGCCGAGTTTGAAGCAGAACAGAAGAAGCTAATGGAAAGTCAAACCCAAGATCAGGAGGACGCCTTGCATGAACAACAGAGTCGATTTGATAACGAAACCCATCAATTGCTAGATCAACATGCCCAAGCATTCGAATACTTACGAGATGAACTCACTCAAAACAGCAAGCGCACCGAAATTAAATATGAGGCTCAGATCGAAGAGCTCAAACAATCTCATGCTACCGAGATCACCCGATTGACCACCACACTCTCCTCGAGAGCTAATCAGGGTAATAATACAATGGAGAAATTGATCCGGGATCATCATGATGAACTAGATGAGTTACGGAACTCAATGGAAGTTCAATTGAGTGAACAACGAGCAAAGTTCGAAATGGAGAAGCAAGAGCTGAACGTGCAACATGAGGAAGAGATTAAGTCTTTGGAGACTCGTCATGAGACTCAAATCGTTGAGCTCAAGTCTGAACATGAAGAGATCTTGGTCGCGTCACTCACCGAATTAGATTTACGTAGGACTAGGAAATTCGAGAGTAATCTTGCCGCTCTGCAAGAGAAACATCAAGCCGAAATTAACGAGATCAAGGGCGATCATGAGAAACAAATCCAGGCTGTTTCCATCAGTCTTCCTCACTCTAACGCTTCCGCCCGCTCGATCGATGTGACTTCGACGTCAACAAAGAGAGGTTCTCCAGATGGGGACACACGTCGCTTGAGTTTGGAAAAAATCCAAAGTAGTTATGAGCAGAAAATCGAGATGCTCAAATTACAACACCAAACTGACCTTCACGCGTTAGAGGAGAAGTTCCTAACATCTAACCTGTCATCTGATCTACGTGAAGAGCGACTAGCCAACCAGCGAAAAATCGATCTACTAACAGACGAGCTGGATTACCTGAAAGAAGAAGTGCAGAAGCATAAAGCGTCTGAGAGCCAGGATTCGAACCGAGAGGCAGCCCAGAGTGAAGCAGAAGTAGAATTACAGGAAGCACTTGATGCGCTATCGACGTTAGACAAAGCCTTATTGGAGTCCCAAACAGAACGAGAAGATCTATTAAAGCAACTTGAAGACATCAAGAAATCCAACATGAGCGAACAAGAGACGATGGCGAAGGATTTCACAAATCTACAGAGTGAATTTGCTCGAATCAAACAAGAACGAGATGAGTTAATTAGGTCATCCAAAGAGTTTGATCATCAATCGACTGGTCGACCCTCGTATGACGGCCCGAATGGACGTTCAGGAGCAGGCATGGGCTCGGATTCACCTTCATTACCTGGTCTACCAACTCGAACCCATCTATCATCAAGTGGAAAACCACCGCCACCTACACCACCACCTAATATCCCACCACCACCACCCCCAACAAATCTTTCTAACCTTCCTGGAATTAATAATAGTGGCGGAAGCACTTCAAATTCTGTCAATGGAACGATTCGTAGACCCACTAGAACTTCTAATTCTTCTAGTCAACTTAGTCATACTAATAATAGTCTGAGTGGCAGAGAATCTCCTTCTACTTCTATCGCCACTAGCTGTTTAGTCGATTCGGCTAATGTCGATCCTAGATTGGTCAAGAAAATCGAAGAACAGGAGAACGCCATCTCTAAACTCACTAAACAGTTATCTCAATGCGAGGTTGACCTCAAAGGGAATATTGATTTAGTCACAAATC
test_4,gi|2234895383|ref|XM_047948649.1|,"Puccinia striiformis f. sp. tritici uncharacterized protein (Pst134EA_017330), mRNA",TTGAATCAGCATTAAATGAAACGGAAAGAAACCTGCGTAAATCACGATTACAGATGAATGAATTAGCGAAAGAAAGGGATAAGATAACCACTCAAAATGAATCATTAAGGAAAGAGTTGGCTTCTGCAACTGCTGAAGTTGAAAACGTTCGAAATAACGTTCAAGTTGAAAAACTTCAATTCGAAAATCAATTATCTGAAGAACGTAGAGCTAAAGAAAACGCTAAGAAACAACTCGAAGCTAGGATGGAAGAAATGCAGAATTCTAGAATGACTCGGAAGAGTAAATTTAA
test_4,gi|403163253|ref|XM_003323305.2|,"Puccinia graminis f. sp. tritici CRL 75-36-700-3 uncharacterized protein (PGTG_04890), mRNA",TAGCAGCGTCCAAGTCATCCTCAGAATCAGACCTTCCTCCTATGATATCAACGTACCCACCCGCTTCCAGCGTACGGTCATCACTCCAATCAACTCAACCACTATCTCTGTCGAA-----G-CTCCCTCTGCCGCCTCCACCAAATCAACCCAAAAGTTCACCTTCGATCGTGTCTTTTCACCAGAGGAAGGTCAACAGCAAGTTTGGACATCCGTCGAAGCTCTCATCAGTCGTTTCCTTGAAGGCTATAACGTCACCGTCTTCGCCTATGGCCAAACCTCCTCGGGAAAGTCCTATACGATGGGAACAGATCGGTTCACTGACGAGCTCGGCTCAGAAGACTCGTCCGTTGACCCTGCCGACCAAGTCCTCAACTCGGATCGCACCGGGATCATCCCACGCGCCGTTCACAGCATCTTCAACAAGATTCAACAGCAGACAACCAAATCAAATCAGATCAACGTCAAGACCTCCTACGTTGAGATCTATAACGAAGATCTAATCGATCTGATCGCCTGTTCGACTGCCCCTGCTAATACACTCCCTCAAGTGACGATCAGGGAAGATAAGGATGGAAATATCATCTGGTCTGGGCTCAAGGAGGTCAAGGTGACCAGGGCGAGTGAAGCACTGAGCTTACTCGAACAGGGTAGTCAAGTCCGCCAGACTAACTCCACCGAGATGAACGCACAATCCTCTCGTTCTCATGCTATCTTCAGTCTCAACCTCACCCAGAGTAAGCTCTCCGCTGCCAGCAGCACCAGCAGCTCC-AACAAGCGGGCATCCAAGATCT-TAAGTCCCACCTCTTCCAACGGGCGCGATTTCGGTGATGAGGGCGAATGGTCTACGATCTCCAGCAAGTTCCATTTCGTCGATCTTGCTGGGAGTGAACGTCTCAAGAGGACCGCTGCGGTTGCCGAAAGGGTCAAGGAGGGCATCTCAATCAACGCCGGTTTACACGCATTGGGCAACGTCATCTCTGCCCTCGGCGATCCTAGCAAATCCAAGACAGTCACTCATATTCCTTACCGCGACAGCAAACTCACTCGACTCTTGCAGGACAGCTTGGGTGGAAATGCCCAGACGTTGATGGTGGCCTGTATATCTCCTAGTGAACACAACCTCGGCGAGACATTAAACACACTCAAGTATGCCAATCGAGCTCGAAATATCAAGAATCGA-GCCGAAGTCAATGCACAAGAAGTTGGTTGGGAAGACGTAGAGTACCTTCAGTCAACCATCATCAAGCTGCGCAAGGAACTGGCTTGCCTCAAGAACAGTGGCT-CACCTGTCGACTTTGCTAACGCAAGTCGAACGCTTTCAGCTATCAACGAGGAAGATTCAGCCCAAGATGAGCTTAGTCCTAAATACCTCGATCTCAAGGGCTACTTTACTGAGCTTCAAGCCAAGTACGCCAAGACATTGTCAGATCTCGCCCAAGCTCAAAACAGCATCAAGCTCGCCTCAAGAAACTCGAGTCAGCCCCAAGCCATCTCACAAAGTGCATTCGATGACATGATCCAACCTATCGTCGAAGAGTATGAGAAGTCGATCACCGCTCTGGAATCACAACTAGCCTTGACTAAGGCCGCTCTCGTTCATTCGGAACATTCGATGAAGGAGCTCGAGCTTCAGCTTTCAAACGAACAGGCATTGAATGAGAACCAAGCCAGTTATGTAGCTGAGCTCAAGGCTCGTCTGAACCGATTATCTGAACGTGAATCTGAGAACGAGTCCTACATCAAAGATCTGGAACTCAAGTTGAAGACACTCAGCGATTCCGAGGAGTCAGCTAATGGAACGGTGGTCGAATTGAAGAAAGAATTGGCCAAGATCAAGGAACATGATGCTGAATCCGAAGCTTATATCAAAGATCTCGAAGCCAAATTGTCAAAGAGTGATTCCGATGACCTCACCAAACAAATTACCTCCCTCGAAGCCTCCTTGGCAGATCGCGATGAAAGATATGATGCCTTGTTGTCTAAGTACGAATCCCTCAACTCTCAACTTACCGGTACAAATGCCGATCTGTGGCGTCAGCAACAGCGCCTGACAGAACAATTGTCTGAA--------C-----GAGAAAGC-A-AA---TTG--CA-A-----AA-GCTTGAAGTCGCCCTTACACAACTCGAAAACGAGAAGAATGAGATCGAGAGCGAAAGGCAAAAACTTGAAGCCACCACTGAGGAGACCTCCCGTACCAACGATGAACTTTCTGGACGTCTCAAAGCCCTGGAATCATCCAAAAAGCGTTCGCCTTCGGTGGCAACTGATCAGGGCGATGCCCGAAGTGTCAGAAGCACTCATCTCTCAGCCGGACCGCACAATTTCACACCTCCTGCCACGCCAGCTGCTACTTCAGAGCTTCCCGCTGGTTCCGTGGGCGACCAAGCGGATCGTGACTTGATGGCCGAGTTCCATGAGCTCCAAGAGCGCTATGAGACCACTGCCACTGAACTGGATCAAGTCCGGGCGAAGTATAATAATTCTGTGAAAGAGTTAGAGGACCTGACTGGTCAACTAGAGGATTCGCGAATCGTCCAATCCTCTTCTTGGATGCCGAGGCGATCTATCAACTCTACGACTAACCATCTTCGTAACTCTGGATCCAACTTCGGTTCACCTTCGCCATCACCCATCCTACAATCTCCTTCCTGGACTGCTCAAAGCTC-CACCCCTTTCTCCAATCACGGTGTTCTGCCTGTCAGAGGCTTTGGGTCAACTGTT---GCGACTGGAAGATCCTCCAAGTACGCAGAAAGCAAAGGCATACGAGC-CAAAGAAA-GCGATTCACTCGAAGAACTTGCTGATAGTGGCTCACACGAGCC-ATCAGAAGTTTTCCCCAGCGATAGTCTCATGTCGCGCGATCCAAGTTCCCATCGGACGATCACCAT-CAAT-ACCT-CTCAACGCCAAAGCCATCGAGTTAGTTTAAATTCCGGATCTCTGATGCCACATGGGCGCTCCTTATCTCTATCACACGACTCTTCGGGCCTCCAAACATCCAACCGAGGAAGCATTATCAGGGCTTCATCCGATTCACGCTCCGAGTCAACCTCGAGATTGCCCAACCTTGGCGACCAATCATC-GCCACATAATGGTGAACGGAGTTATGAGAGCTTACAGAAGGAAGTGATCAAGTTGCAAGAAGTATTGAAGGATCGGGAGGATGAGATTCGAGGCTTGGAAACCTCGATTCGGGAAATTCGTCGGCAGAGTGACTCGATCACCTCCCCCT-TAGCTTCCGCCTCGACCGATGAGGTTGACGGCGAAACTCGCAAGCTAACACAA-CCGATCCAGAAGACTGAGCCCTCCCTACAACCCCTTAATACCGACTTGAAACATGATGCAACAGATGTCTCGAATGTCTCGCGAGAAAACTCAATCGATCAAGATAGTCTG-GCGCATCCTGATAAGGTTCTGGCTGCCATTCAATCACAAATCTTACTGAATGATGGTGATGAGAGCGTCGTCAAAGACTCGCAAAATATCAAGCTCTTGGATAATCTGATGCGTTCGATGGCTCAGAAGGAATCGGCCCACTTGGAATTGATCGAAAACCTCAAGGATAAGCTTCAA-AGTACCAAGCGACAGCATGATGAACTCGTCAAACTGTCGAGAGACCAGGTTGTGAACATGTCTTCAGAGATCGAAGCCTTGCGGCAGAGGCTCTCCAATCCTTCCACTCCTGATCCCGAGATGAGCAAACGACTCTCGAAATTAGAAGAGCTTTTGAAGCTCAAGGAGCAGGATTCAGAGAGCTTGAAGGCAGACTCCAAACGACAACTCTTAGATCTCGAAGCCAAGTTGTTGGAAGCTAAACAATCCGAGATTAAAGCTTTGAAGGCTGAACACGACTCTGTGGTCGAACAACTGAAGCTGGAGCAACGGGAGAATCTGAACCGGTTGATCGCTTCGAGCGAAGAGAAACTGATGGCCAAACAGGATGAATTGCGACAGCTCGAAGATCGATGGCAGAGTCAATCTAAGGCGGAGCTGAAGGAACAAGCCGACAAGATTCGGGCCGAGTTTGAGGAGGAACGCAAGCAGCTTATGGAAAGCCAAAGCCGTGCTCAAGAAGAAGCCTTACAGGTTCAATCCAGTCGGTTTGATACGGAAACCCATCAGTTGTTAGAGCAACATGCTCAAGCATTCCAA-ACTTTGCAAGATGAACTCAACCAAAACACGAAGCGAGCCGAA-TCAAAGTTGCAGGC-CACGATCGAAGAACTGAAAGAGTCACATTCCAGCGAGGTAATCCGATTGACAACGACGCTCTCTTCGAGAGCAAATCAGGGGAACAATACAATGGAAAAATTGATTCGTGATCATCATGACGAATTAGATGAATTGCGGAGCTCGATGACCAAT-CGATTGGAAGAAGAACGTACGAAGTTGGAGGCCGAGAAGAGCGA-CTTAATCTCGAAACACGCCGAGCAGATCAAGTCCATGGAGTCCCGTCATGAGGAC-CAGATTAACGACCTCAAGGCCGAACACGAAGAGATCTTGGTCGCTTCCCTCACCGAATTAGATTTACGTCGGACCCGCAAATTCGAGAGTAACCTCAGTGCC-CTC--CAGGAGAAACATCTGGCAGAGATCGATGAGATCAAGCTCGATCATCAGAAACAGATCGAGGCT
test_4,gi|599395077|ref|XM_007411230.1|,"Melampsora larici-populina 98AG31 uncharacterized protein (MELLADRAFT_78111), partial mRNA",GAATCCGCCTTAAATGATACCGAAAGGAATTTAAGAAAATCACGATTACAGATGAATGAATTAGTCAAAGAACGAGATAAATTGA--ATTCGATGAATGA-TCAATTAAAACAAGAATTAAATCGAGCGAATTTAGAAGTGGAGAATGTAAGGAATAATGTGATGGCAGAGAAAGTGGAATTTGAGAATCGATTGGGTGAAGAACGTAGAGCTAAAGAAAGTGCTAAGAAGTTATTGGAAGCTAGAATGGAAGAAATGCAGAATAGTAGGATGACGAGAAAGAGTAAATTTAA
